"post_mean","post_prob_greater_0","cred_lower_025","cred_lower_975"
-0.0460878699568843,0.569866666666667,-0.703919500904281,0.380589208111956
